label,spec_type,drafter,placement,rep,decode_tps,prefill_tps,n_decoded,draft_n,draft_accepted,accept_pct,gpu0_mib,gpu1_mib,peak_temp,load_s,outcome
h11-mtp-default,draft-mtp,mtp-Qwen3.8-27B-Q4_0.gguf,default,1,13.91,22.40,400,510,229,44.9,8647,10997,57,182,ok
h11-mtp-default,draft-mtp,mtp-Qwen3.8-27B-Q4_0.gguf,default,2,14.11,43.72,400,513,228,44.4,8647,10997,58,182,ok
h11-mtp-default,draft-mtp,mtp-Qwen3.8-27B-Q4_0.gguf,default,3,14.11,43.54,400,513,228,44.4,8647,10997,59,182,ok
h11-none-control,none,none,default,1,12.80,47.85,400,0,0,,7693,8769,57,20,ok
h11-none-control,none,none,default,2,12.79,48.07,400,0,0,,7693,8769,59,20,ok
h11-none-control,none,none,default,3,12.79,48.04,400,0,0,,7693,8769,59,20,ok
h11-mtp-cuda0,draft-mtp,mtp-Qwen3.8-27B-Q4_0.gguf,CUDA0,1,14.23,42.98,400,510,229,44.9,9569,9983,57,10,ok
h11-mtp-cuda0,draft-mtp,mtp-Qwen3.8-27B-Q4_0.gguf,CUDA0,2,14.14,43.61,400,513,228,44.4,9569,9983,57,10,ok
h11-mtp-cuda0,draft-mtp,mtp-Qwen3.8-27B-Q4_0.gguf,CUDA0,3,14.11,43.49,400,513,228,44.4,9569,9983,58,10,ok
h11-mtp-cuda1,draft-mtp,mtp-Qwen3.8-27B-Q4_0.gguf,CUDA1,1,14.23,42.88,400,510,229,44.9,8647,10905,58,10,ok
h11-mtp-cuda1,draft-mtp,mtp-Qwen3.8-27B-Q4_0.gguf,CUDA1,2,14.12,43.65,400,513,228,44.4,8647,10905,59,10,ok
h11-mtp-cuda1,draft-mtp,mtp-Qwen3.8-27B-Q4_0.gguf,CUDA1,3,14.10,43.57,400,513,228,44.4,8647,10905,60,10,ok
h11-df2q4-default,draft-dflash,Qwen3.8-27B-DFlash2-Q4_K_M.gguf,default,1,14.41,38.12,400,504,231,45.8,9679,10619,58,21,ok
h11-df2q4-default,draft-dflash,Qwen3.8-27B-DFlash2-Q4_K_M.gguf,default,2,14.45,43.25,400,504,231,45.8,9679,10619,59,21,ok
h11-df2q4-default,draft-dflash,Qwen3.8-27B-DFlash2-Q4_K_M.gguf,default,3,14.46,42.98,400,504,231,45.8,9679,10619,59,21,ok
h11-df2q4-cuda0,draft-dflash,Qwen3.8-27B-DFlash2-Q4_K_M.gguf,CUDA0,0,,,,,,,,,,20,FAILED(load)
h11-df2q4-cuda1,draft-dflash,Qwen3.8-27B-DFlash2-Q4_K_M.gguf,CUDA1,1,14.50,38.13,400,504,231,45.8,8647,11361,57,10,ok
h11-df2q4-cuda1,draft-dflash,Qwen3.8-27B-DFlash2-Q4_K_M.gguf,CUDA1,2,14.48,43.12,400,504,231,45.8,8647,11361,59,10,ok
h11-df2q4-cuda1,draft-dflash,Qwen3.8-27B-DFlash2-Q4_K_M.gguf,CUDA1,3,14.47,43.12,400,504,231,45.8,8647,11361,60,10,ok
h11-df2q8-default,draft-dflash,Qwen3.8-27B-DFlash2-Q8_0.gguf,default,1,14.45,37.68,400,513,228,44.4,10291,10879,57,35,ok
h11-df2q8-default,draft-dflash,Qwen3.8-27B-DFlash2-Q8_0.gguf,default,2,14.44,43.32,400,513,228,44.4,10291,10879,59,35,ok
h11-df2q8-default,draft-dflash,Qwen3.8-27B-DFlash2-Q8_0.gguf,default,3,14.44,43.30,400,513,228,44.4,10291,10879,59,35,ok
h11-df2q8-cuda0,draft-dflash,Qwen3.8-27B-DFlash2-Q8_0.gguf,CUDA0,0,,,,,,,,,,40,FAILED(load)
h11-df2q8-cuda1,draft-dflash,Qwen3.8-27B-DFlash2-Q8_0.gguf,CUDA1,1,14.47,35.69,400,513,228,44.4,8647,12233,57,10,ok
h11-df2q8-cuda1,draft-dflash,Qwen3.8-27B-DFlash2-Q8_0.gguf,CUDA1,2,14.47,43.32,400,513,228,44.4,8647,12233,59,10,ok
h11-df2q8-cuda1,draft-dflash,Qwen3.8-27B-DFlash2-Q8_0.gguf,CUDA1,3,14.45,43.24,400,513,228,44.4,8647,12233,60,10,ok
h11-depth16k-df2q4-default,draft-dflash,Qwen3.8-27B-DFlash2-Q4_K_M.gguf,default,1,17.14,159.40,400,406,263,64.8,10201,11087,59,10,ok
h11-depth16k-df2q4-default,draft-dflash,Qwen3.8-27B-DFlash2-Q4_K_M.gguf,default,2,17.07,160.28,400,406,263,64.8,10201,11087,61,10,ok
h11-depth16k-df2q4-default,draft-dflash,Qwen3.8-27B-DFlash2-Q4_K_M.gguf,default,3,17.08,160.19,400,406,263,64.8,10201,11087,63,10,ok
h11-depth16k-df2q4-cuda1,draft-dflash,Qwen3.8-27B-DFlash2-Q4_K_M.gguf,CUDA1,1,17.09,159.59,400,406,263,64.8,9079,11887,61,10,ok
h11-depth16k-df2q4-cuda1,draft-dflash,Qwen3.8-27B-DFlash2-Q4_K_M.gguf,CUDA1,2,17.06,160.50,400,406,263,64.8,9079,11887,63,10,ok
h11-depth16k-df2q4-cuda1,draft-dflash,Qwen3.8-27B-DFlash2-Q4_K_M.gguf,CUDA1,3,17.04,160.33,400,406,263,64.8,9079,11887,63,10,ok
smoke-tensor-none,none,none,default,1,20.13,66.47,64,0,0,,8183,8183,50,10,ok
smoke-tensor-mtp,draft-mtp,mtp-Qwen3.8-27B-Q4_0.gguf,default,1,32.60,55.47,64,50,45,90.0,9827,9827,53,20,ok
smoke-tensor-df2q4,draft-dflash,Qwen3.8-27B-DFlash2-Q4_K_M.gguf,default,0,,,,,,,,,,21,FAILED(load)
p2-tensor-none,none,none,default,1,20.31,66.73,400,0,0,,8183,8183,60,10,ok
p2-tensor-none,none,none,default,2,20.30,68.08,400,0,0,,8183,8183,63,10,ok
p2-tensor-none,none,none,default,3,20.29,68.01,400,0,0,,8183,8183,65,10,ok
p2-tensor-mtp,draft-mtp,mtp-Qwen3.8-27B-Q4_0.gguf,default,1,21.24,57.03,400,543,218,40.1,9827,9827,65,10,ok
p2-tensor-mtp,draft-mtp,mtp-Qwen3.8-27B-Q4_0.gguf,default,2,21.30,59.04,400,543,218,40.1,9827,9827,65,10,ok
p2-tensor-mtp,draft-mtp,mtp-Qwen3.8-27B-Q4_0.gguf,default,3,21.28,59.14,400,543,218,40.1,9827,9827,66,10,ok
p2-tensor-none-16k,none,none,default,1,19.77,198.93,400,0,0,,8579,8579,67,10,ok
p2-tensor-none-16k,none,none,default,2,19.74,199.04,400,0,0,,8579,8579,67,10,ok
p2-tensor-none-16k,none,none,default,3,19.74,199.14,400,0,0,,8579,8579,68,10,ok
p2-tensor-mtp-16k,draft-mtp,mtp-Qwen3.8-27B-Q4_0.gguf,default,1,29.17,198.17,400,374,274,73.3,10235,10235,68,10,ok
p2-tensor-mtp-16k,draft-mtp,mtp-Qwen3.8-27B-Q4_0.gguf,default,2,29.30,198.41,400,374,274,73.3,10235,10235,69,10,ok
p2-tensor-mtp-16k,draft-mtp,mtp-Qwen3.8-27B-Q4_0.gguf,default,3,29.32,198.57,400,374,274,73.3,10235,10235,70,10,ok
p2-layer-none-16k,none,none,default,1,12.35,183.88,400,0,0,,8125,9201,65,10,ok
p2-layer-none-16k,none,none,default,2,12.35,183.88,400,0,0,,8125,9201,66,10,ok
p2-layer-none-16k,none,none,default,3,12.35,183.89,400,0,0,,8125,9201,66,10,ok
p2-layer-mtp-16k,draft-mtp,mtp-Qwen3.8-27B-Q4_0.gguf,default,1,19.15,162.81,400,357,279,78.2,9079,11525,65,10,ok
p2-layer-mtp-16k,draft-mtp,mtp-Qwen3.8-27B-Q4_0.gguf,default,2,19.00,162.89,400,360,278,77.2,9079,11525,65,10,ok
p2-layer-mtp-16k,draft-mtp,mtp-Qwen3.8-27B-Q4_0.gguf,default,3,19.00,162.97,400,360,278,77.2,9079,11525,65,10,ok
p3-buun-mtp-16k-f16,draft-mtp,mtp-Qwen3.8-27B-Q4_0.gguf,default,1,27.94,178.31,400,319,255,79.9,10031,11521,69,20,ok
p3-buun-mtp-16k-f16,draft-mtp,mtp-Qwen3.8-27B-Q4_0.gguf,default,2,28.22,178.21,400,301,248,82.4,10031,11521,70,20,ok
